Qty;Value;Device;Package;Parts;Description;COPYRIGHT;MANUFACTURER_PART_NUMBER;MFR_NAME;PARTNO;POPULARITY;SPICEPREFIX;Column1
1;;NUCLEO-L452RE;NUCLEO-64;M1;No existe un outline (Layer Dimension) para esta librer�a. En su lugar se utiliz� una referencia en tDocu.;;;;;;;
1;1000nF 0603;C-USC0603;C0603;C1;CAPACITOR, American symbol;;;;CC0603KRX7R7BB104;37;C;
1;10nF 0603;C-USC0603;C0603;C2;CAPACITOR, American symbol;;;;GRM033R71A103KA01D;37;C;
3;1729128;MKDSN1,5/2-5,08;MKDSN1,5/2-5,08;X1, X2, X3;MKDSN 1,5/ 2-5,08 Printklemme;;;;1729128;14;;
1;MAX31855KASA+T;MAX31855KASA+T;SOIC127P600X175-8N;IC1;;;;;MAX31855KASA+T;;;
1;PPPC031LFBN-RCCONN_PPPC031LFBN-RC_SUL;PPPC031LFBN-RCCONN_PPPC031LFBN-RC_SUL;CONN_PPPC031LFBN-RC_SUL;J1;;Copyright (C) 2023 Ultra Librarian. All rights reserved.;PPPC031LFBN-RC;Sullins;PPPC031LFBN-RC;;;
1;PPTC041LFBN-RCCONN_PPTC041LFBN-RC_SUL;PPTC041LFBN-RCCONN_PPTC041LFBN-RC_SUL;CONN_PPTC041LFBN-RC_SUL;PPTC041LFBN-RC;;Copyright (C) 2023 Ultra Librarian. All rights reserved.;PPTC041LFBN-RC;Sullins;PPTC041LFBN-RC;;;
